{
  "name": "Void-light",
  "type": "light",
  "colors": {
    "button.hoverBackground": "#77777799",
    "gitDecoration.ignoredResourceForeground": "#010101",
    "tab.border": "#0000",
    "editorGutter.addedBackground": "#10f95eCC",
    "statusBar.debuggingForeground": "#000000",
    "terminal.ansiCyan": "#000000",
    "gitDecoration.conflictingResourceForeground": "#000000",
    "settings.dropdownForeground": "#000000",
    "sideBarSectionHeader.foreground": "#000000",
    "tab.unfocusedHoverBorder": "#000000CC",
    "editor.hoverHighlightBackground": "#a0a0a0",
    "editorGroup.dropBackground": "#00000066",
    "statusBarItem.remoteForeground": "#000000",
    "quickInput.background": "#777777",
    "statusBar.debuggingBorder": "#0000",
    "button.foreground": "#000000",
    "list.inactiveSelectionForeground": "#000000",
    "editorGutter.deletedBackground": "#ff0a0aCC",
    "editorSuggestWidget.foreground": "#000000",
    "activityBar.background": "#a0a0a0",
    "editorGroupHeader.tabsBackground": "#b2b2b2",
    "badge.foreground": "#000000",
    "editorHoverWidget.background": "#a0a0a0",
    "panelTitle.activeForeground": "#000000",
    "editor.wordHighlightBackground": "#ffe70a44",
    "list.activeSelectionForeground": "#000000",
    "activityBarBadge.background": "#777777",
    "editorGroupHeader.tabsBorder": "#0000",
    "editorCodeLens.foreground": "#000000CC",
    "input.border": "#0000",
    "activityBar.dropBackground": "#00000066",
    "editorOverviewRuler.modifiedForeground": "#000000CC",
    "tab.activeForeground": "#000000",
    "editorGroupHeader.noTabsBackground": "#f3f3f3",
    "tab.unfocusedActiveForeground": "#000000",
    "list.hoverBackground": "#00000044",
    "input.placeholderForeground": "#000000",
    "editorCursor.foreground": "#000000",
    "tab.inactiveBackground": "#a0a0a0",
    "list.errorForeground": "#cc0000",
    "editor.rangeHighlightBackground": "#a0a0a0",
    "widget.shadow": "#0000",
    "inputOption.activeBorder": "#0000",
    "panel.background": "#a0a0a0",
    "statusBarItem.prominentBackground": "#777777",
    "editorWhitespace.foreground": "#343434",
    "list.warningForeground": "#cc5c00",
    "textLink.activeForeground": "#000000",
    "terminalCursor.background": "#00000066",
    "sideBar.foreground": "#000000",
    "textBlockQuote.border": "#000000CC",
    "editorLineNumber.foreground": "#000000",
    "extensionButton.prominentHoverBackground": "#77777799",
    "textPreformat.foreground": "#000000",
    "statusBar.noFolderForeground": "#000000",
    "dropdown.border": "#f3f3f3",
    "editorOverviewRuler.bracketMatchForeground": "#0aadff44",
    "editorGutter.modifiedBackground": "#000000CC",
    "inputValidation.warningBackground": "#cc5c00",
    "tab.activeBackground": "#f3f3f3",
    "minimap.selectionHighlight": "#00000066",
    "editorOverviewRuler.warningForeground": "#ff780aCC",
    "gitDecoration.addedResourceForeground": "#00cc44",
    "peekViewTitle.background": "#a0a0a0",
    "editorGroup.emptyBackground": "#b2b2b2",
    "input.background": "#a0a0a0",
    "editor.lineHighlightBackground": "#b2b2b2",
    "listFilterWidget.background": "#f3f3f3",
    "editorHoverWidget.statusBarBackground": "#a0a0a0",
    "dropdown.foreground": "#000000",
    "panelTitle.activeBorder": "#000000CC",
    "editorOverviewRuler.selectionHighlightForeground": "#00000044",
    "gitDecoration.untrackedResourceForeground": "#cc5c00",
    "inputValidation.infoBackground": "#000000",
    "peekViewResult.matchHighlightBackground": "#ffe70a44",
    "titleBar.inactiveForeground": "#000000",
    "sideBarSectionHeader.border": "#00000011",
    "descriptionForeground": "#000000",
    "editorWarning.foreground": "#cc5c00",
    "statusBar.background": "#777777",
    "extensionButton.prominentForeground": "#000000",
    "tab.unfocusedInactiveForeground": "#000000",
    "editorOverviewRuler.errorForeground": "#ff0a0aCC",
    "statusBarItem.remoteBackground": "#77777766",
    "editorWidget.resizeBorder": "#00000099",
    "statusBar.debuggingBackground": "#777777",
    "breadcrumb.foreground": "#000000",
    "editorSuggestWidget.selectedBackground": "#00000066",
    "inputValidation.errorBackground": "#cc0000",
    "titleBar.activeForeground": "#000000",
    "focusBorder": "#00000033",
    "terminal.ansiBrightBlue": "#0088cc",
    "editorIndentGuide.background": "#00000011",
    "editorHoverWidget.border": "#00000011",
    "peekView.border": "#00000099",
    "terminal.ansiRed": "#ff0a0a",
    "editorLineNumber.activeForeground": "#000000",
    "terminal.ansiYellow": "#ffe70a",
    "breadcrumb.activeSelectionForeground": "#000000",
    "editorWidget.foreground": "#000000",
    "sideBar.dropBackground": "#00000066",
    "terminal.ansiBlack": "#f3f3f3",
    "list.focusBackground": "#00000066",
    "editorBracketMatch.background": "#0aadff44",
    "peekViewEditor.matchHighlightBackground": "#777777",
    "statusBarItem.hoverBackground": "#00000044",
    "editor.inactiveSelectionBackground": "#00000044",
    "extensionButton.prominentBackground": "#77777766",
    "peekViewTitleDescription.foreground": "#000000",
    "debugToolBar.background": "#777777",
    "errorForeground": "#cc0000",
    "panelTitle.inactiveForeground": "#000000",
    "editorSuggestWidget.background": "#777777",
    "button.background": "#77777766",
    "list.focusForeground": "#000000",
    "editorOverviewRuler.infoForeground": "#000000CC",
    "editorOverviewRuler.deletedForeground": "#ff0a0aCC",
    "peekViewResult.selectionBackground": "#ffe70a66",
    "badge.background": "#777777",
    "list.hoverForeground": "#000000",
    "quickInput.foreground": "#000000",
    "sideBarSectionHeader.background": "#b2b2b2",
    "activityBar.foreground": "#000000",
    "listFilterWidget.noMatchesOutline": "#ff0a0aCC",
    "textCodeBlock.background": "#b2b2b2",
    "editorWidget.border": "#00000033",
    "sideBarTitle.foreground": "#000000",
    "statusBar.border": "#0000",
    "editorLink.activeForeground": "#000000CC",
    "editorGroup.border": "#00000099",
    "peekViewResult.background": "#b2b2b2",
    "editor.findMatchHighlightBackground": "#ffe70a44",
    "pickerGroup.foreground": "#000000",
    "terminal.ansiBrightGreen": "#00cc44",
    "terminal.ansiGreen": "#10f95e",
    "editor.foreground": "#000000",
    "list.invalidItemForeground": "#cc0000",
    "dropdown.background": "#f3f3f3",
    "terminal.ansiBrightRed": "#cc0000",
    "terminal.selectionBackground": "#00000066",
    "terminalCursor.foreground": "#00000066",
    "inputValidation.infoBorder": "#000000CC",
    "editorOverviewRuler.addedForeground": "#10f95eCC",
    "list.activeSelectionBackground": "#00000066",
    "inputValidation.infoForeground": "#f3f3f3",
    "settings.dropdownBackground": "#a0a0a0",
    "icon.foreground": "#000000",
    "settings.textInputForeground": "#000000",
    "statusBar.noFolderBackground": "#f3f3f3",
    "progressBar.background": "#000000",
    "terminal.ansiBrightWhite": "#000000",
    "inputValidation.errorBorder": "#ff0a0aCC",
    "settings.modifiedItemIndicator": "#000000CC",
    "sideBar.background": "#b2b2b2",
    "editorRuler.foreground": "#00000033",
    "editorError.foreground": "#cc0000",
    "tab.inactiveForeground": "#000000",
    "statusBarItem.prominentForeground": "#000000",
    "inputValidation.warningBorder": "#ff780aCC",
    "titleBar.border": "#0000",
    "settings.textInputBackground": "#a0a0a0",
    "editorOverviewRuler.border": "#00000033",
    "terminal.ansiBrightCyan": "#000000",
    "editorUnnecessaryCode.opacity": "#00000088",
    "editorWidget.background": "#777777",
    "statusBar.foreground": "#000000",
    "gitDecoration.deletedResourceForeground": "#cc0000",
    "editorIndentGuide.activeBackground": "#00000099",
    "editorSuggestWidget.highlightForeground": "#000000",
    "editorUnnecessaryCode.border": "#00000099",
    "editor.background": "#f3f3f3",
    "textBlockQuote.background": "#a0a0a0",
    "peekViewResult.lineForeground": "#000000",
    "editorGutter.background": "#f3f3f3",
    "peekViewResult.fileForeground": "#000000",
    "gitDecoration.modifiedResourceForeground": "#000000",
    "terminal.ansiBlue": "#0aadff",
    "statusBarItem.activeBackground": "#00000066",
    "breadcrumb.background": "#f3f3f3",
    "terminal.ansiBrightMagenta": "#000000",
    "peekViewEditor.background": "#f3f3f3",
    "panel.border": "#00000011",
    "selection.background": "#00000066",
    "settings.headerForeground": "#000000",
    "terminal.ansiWhite": "#000000",
    "breadcrumb.focusForeground": "#000000CC",
    "foreground": "#000000",
    "editor.selectionHighlightBackground": "#00000044",
    "terminal.ansiBrightYellow": "#ccb800",
    "titleBar.activeBackground": "#777777",
    "list.inactiveSelectionBackground": "#00000044",
    "minimap.findMatchHighlight": "#ffe70a66",
    "list.dropBackground": "#00000066",
    "input.foreground": "#000000",
    "inputOption.activeBackground": "#77777766",
    "editorHint.foreground": "#000000",
    "activityBarBadge.foreground": "#000000",
    "editorBracketMatch.border": "#0000",
    "inputValidation.warningForeground": "#f3f3f3",
    "listFilterWidget.outline": "#00000033",
    "window.activeBorder": "#0000",
    "editorSuggestWidget.border": "#00000033",
    "statusBar.noFolderBorder": "#0000",
    "terminal.ansiMagenta": "#000000",
    "window.inactiveBorder": "#0000",
    "editor.wordHighlightStrongBackground": "#0aadff44",
    "panel.dropBackground": "#00000066",
    "peekViewTitleLabel.foreground": "#000000",
    "editor.selectionBackground": "#00000066",
    "editorOverviewRuler.findMatchForeground": "#00cc44",
    "pickerGroup.border": "#00000099",
    "inputValidation.errorForeground": "#f3f3f3",
    "terminal.ansiBrightBlack": "#f3f3f3",
    "editor.findMatchBackground": "#ffe70a66",
    "editorInfo.foreground": "#000000",
    "textLink.foreground": "#000000CC",
    "list.highlightForeground": "#000000",
    "titleBar.inactiveBackground": "#b2b2b2"
  },
  "tokenColors": [
    {
      "scope": "variable.other.readwrite.alias",
      "settings": {
        "foreground": "#000000"
      }
    },
    {
      "scope": "punctuation.separator",
      "settings": {
        "foreground": "#000000"
      }
    },
    {
      "scope": "punctuation.definition.template-expression",
      "settings": {
        "foreground": "#cc0000"
      }
    },
    {
      "scope": "punctuation.definition.parameters",
      "settings": {
        "foreground": "#000000"
      }
    },
    {
      "scope": "markup.underline.link",
      "settings": {
        "foreground": "#000000"
      }
    },
    {
      "scope": "keyword",
      "settings": {
        "foreground": "#000000"
      }
    },
    {
      "scope": "markup.italic",
      "settings": {
        "foreground": "#0088cc",
        "fontStyle": "italic"
      }
    },
    {
      "scope": "variable.language.this",
      "settings": {
        "foreground": "#ffe70a"
      }
    },
    {
      "scope": "constant.numeric",
      "settings": {
        "foreground": "#000000"
      }
    },
    {
      "scope": "support.constant.color",
      "settings": {
        "foreground": "#0088cc"
      }
    },
    {
      "scope": "constant.language.dart",
      "settings": {
        "foreground": "#000000"
      }
    },
    {
      "scope": "string.key",
      "settings": {
        "foreground": "#000000"
      }
    },
    {
      "scope": "comment",
      "settings": {
        "foreground": "#000000"
      }
    },
    {
      "scope": "keyword.control",
      "settings": {
        "foreground": "#000000"
      }
    },
    {
      "scope": "constant.language.import-export-all",
      "settings": {
        "foreground": "#0088cc"
      }
    },
    {
      "scope": "meta.brace.square",
      "settings": {
        "foreground": "#000000"
      }
    },
    {
      "scope": "meta.tag.attributes",
      "settings": {
        "foreground": "#000000"
      }
    },
    {
      "scope": "markup.bold",
      "settings": {
        "foreground": "#000000",
        "fontStyle": "bold"
      }
    },
    {
      "scope": "keyword.control.flow",
      "settings": {
        "foreground": "#000000"
      }
    },
    {
      "scope": "support.function",
      "settings": {
        "foreground": "#000000"
      }
    },
    {
      "scope": "entity.name.tag.reference",
      "settings": {
        "foreground": "#000000"
      }
    },
    {
      "scope": "constant.language.symbol",
      "settings": {
        "foreground": "#000000"
      }
    },
    {
      "scope": "invalid",
      "settings": {
        "foreground": "#cc0000",
        "fontStyle": "bold underline"
      }
    },
    {
      "scope": "comment.block.documentation",
      "settings": {
        "foreground": "#000000"
      }
    },
    {
      "scope": "markup.heading",
      "settings": {
        "foreground": "#000000",
        "fontStyle": "bold"
      }
    },
    {
      "scope": "support.class.component",
      "settings": {
        "foreground": "#cc5c00"
      }
    },
    {
      "scope": "markup.fenced_code",
      "settings": {
        "foreground": "#000000"
      }
    },
    {
      "scope": "meta.class",
      "settings": {
        "foreground": "#cc5c00"
      }
    },
    {
      "scope": "meta.brace.round",
      "settings": {
        "foreground": "#000000"
      }
    },
    {
      "scope": "support.type.vendored",
      "settings": {
        "foreground": "#cc5c00"
      }
    },
    {
      "scope": "punctuation.definition.typeparameters",
      "settings": {
        "foreground": "#000000"
      }
    },
    {
      "scope": "constant.language.undefined",
      "settings": {
        "foreground": "#cc0000"
      }
    },
    {
      "scope": "comment.line",
      "settings": {
        "foreground": "#000000",
        "fontStyle": "italic"
      }
    },
    {
      "scope": "variable.other",
      "settings": {
        "foreground": "#000000"
      }
    },
    {
      "scope": "keyword.control.import",
      "settings": {
        "foreground": "#000000",
        "fontStyle": "italic"
      }
    },
    {
      "scope": "entity.name.tag.yaml",
      "settings": {
        "foreground": "#cc5c00"
      }
    },
    {
      "scope": "entity.name.tag",
      "settings": {
        "foreground": "#cc0000"
      }
    },
    {
      "scope": "punctuation.accessor",
      "settings": {
        "foreground": "#000000"
      }
    },
    {
      "scope": "storage",
      "settings": {
        "foreground": "#000000"
      }
    },
    {
      "scope": "meta.object",
      "settings": {
        "foreground": "#000000"
      }
    },
    {
      "scope": "punctuation.definition.block",
      "settings": {
        "foreground": "#000000"
      }
    },
    {
      "scope": "keyword.operator",
      "settings": {
        "foreground": "#000000"
      }
    },
    {
      "scope": "markup.quote",
      "settings": {
        "foreground": "#000000",
        "fontStyle": "italic"
      }
    },
    {
      "scope": "meta.property-value.css",
      "settings": {
        "foreground": "#10f95e"
      }
    },
    {
      "scope": "support.constant.font-name",
      "settings": {
        "foreground": "#0088cc"
      }
    },
    {
      "scope": "meta.type.parameters",
      "settings": {
        "foreground": "#ccb800"
      }
    },
    {
      "scope": "variable.other.constant",
      "settings": {
        "foreground": "#000000"
      }
    },
    {
      "scope": "support.class",
      "settings": {
        "foreground": "#cc5c00"
      }
    },
    {
      "scope": "punctuation.definition.heading",
      "settings": {
        "foreground": "#cc5c00"
      }
    },
    {
      "scope": "keyword.other.unit",
      "settings": {
        "foreground": "#000000"
      }
    },
    {
      "scope": "meta.jsx.children",
      "settings": {
        "foreground": "#000000"
      }
    },
    {
      "scope": "constant.language.null",
      "settings": {
        "foreground": "#cc0000"
      }
    },
    {
      "scope": "constant.language.boolean.true",
      "settings": {
        "foreground": "#00cc44",
        "fontStyle": "underline bold"
      }
    },
    {
      "scope": "keyword.operator.logical",
      "settings": {
        "foreground": "#000000"
      }
    },
    {
      "scope": "entity.other.attribute-name",
      "settings": {
        "foreground": "#0088cc"
      }
    },
    {
      "scope": "punctuation.definition.dictionary",
      "settings": {
        "foreground": "#000000"
      }
    },
    {
      "scope": "support.type.property-name",
      "settings": {
        "foreground": "#000000"
      }
    },
    {
      "scope": "variable",
      "settings": {
        "foreground": "#000000"
      }
    },
    {
      "scope": "punctuation.section",
      "settings": {
        "foreground": "#000000"
      }
    },
    {
      "scope": "meta.property-name.css",
      "settings": {
        "foreground": "#10f95e"
      }
    },
    {
      "scope": "meta.selector",
      "settings": {
        "foreground": "#10f95e"
      }
    },
    {
      "scope": "comment.single",
      "settings": {
        "foreground": "#000000"
      }
    },
    {
      "scope": "entity.name.type.module",
      "settings": {
        "foreground": "#cc5c00"
      }
    },
    {
      "scope": "string",
      "settings": {
        "foreground": "#00cc44"
      }
    },
    {
      "scope": "support.type.property-name.css",
      "settings": {
        "foreground": "#000000"
      }
    },
    {
      "scope": "punctuation.definition.tag",
      "settings": {
        "foreground": "#000000"
      }
    },
    {
      "scope": "punctuation.terminator",
      "settings": {
        "foreground": "#000000"
      }
    },
    {
      "scope": "meta.var.expr",
      "settings": {
        "foreground": "#000000"
      }
    },
    {
      "scope": "punctuation.definition.string",
      "settings": {
        "foreground": "#00cc44"
      }
    },
    {
      "scope": "entity.name.function",
      "settings": {
        "foreground": "#0088cc"
      }
    },
    {
      "scope": "keyword.control.from",
      "settings": {
        "foreground": "#000000",
        "fontStyle": "italic"
      }
    },
    {
      "scope": "variable.language.super",
      "settings": {
        "foreground": "#10f95e",
        "fontStyle": "italic"
      }
    },
    {
      "scope": "punctuation.definition.array",
      "settings": {
        "foreground": "#000000"
      }
    },
    {
      "scope": "support.constant.property-value",
      "settings": {
        "foreground": "#0088cc"
      }
    },
    {
      "scope": "punctuation.definition.list",
      "settings": {
        "foreground": "#cc0000"
      }
    },
    {
      "scope": "entity.other.attribute-name.id",
      "settings": {
        "foreground": "#cc5c00"
      }
    },
    {
      "scope": "entity.other.attribute-name.class",
      "settings": {
        "foreground": "#ccb800"
      }
    },
    {
      "scope": "meta.structure.dictionary",
      "settings": {
        "foreground": "#000000"
      }
    },
    {
      "scope": "constant.language.boolean.false",
      "settings": {
        "foreground": "#cc0000",
        "fontStyle": "underline bold"
      }
    }
  ]
}