{
  "name": "Void-dark",
  "type": "dark",
  "colors": {
    "button.hoverBackground": "#00000099",
    "gitDecoration.ignoredResourceForeground": "#777777",
    "tab.border": "#0000",
    "editorGutter.addedBackground": "#7affa7CC",
    "statusBar.debuggingForeground": "#f3f3f3",
    "terminal.ansiCyan": "#b3feff",
    "gitDecoration.conflictingResourceForeground": "#777777",
    "settings.dropdownForeground": "#f3f3f3",
    "sideBarSectionHeader.foreground": "#a0a0a0",
    "tab.unfocusedHoverBorder": "#ffffff",
    "editor.hoverHighlightBackground": "#000000",
    "editorGroup.dropBackground": "#77777766",
    "statusBarItem.remoteForeground": "#f3f3f3",
    "quickInput.background": "#010101",
    "statusBar.debuggingBorder": "#0000",
    "button.foreground": "#f3f3f3",
    "list.inactiveSelectionForeground": "#f3f3f3",
    "editorGutter.deletedBackground": "#ff7a7aCC",
    "editorSuggestWidget.foreground": "#b2b2b2",
    "activityBar.background": "#000000",
    "editorGroupHeader.tabsBackground": "#000000",
    "badge.foreground": "#f3f3f3",
    "editorHoverWidget.background": "#000000",
    "panelTitle.activeForeground": "#f3f3f3",
    "editor.wordHighlightBackground": "#fff27a44",
    "list.activeSelectionForeground": "#f3f3f3",
    "activityBarBadge.background": "#343434",
    "editorGroupHeader.tabsBorder": "#0000",
    "editorCodeLens.foreground": "#777777CC",
    "input.border": "#0000",
    "activityBar.dropBackground": "#77777766",
    "editorOverviewRuler.modifiedForeground": "#ffffff",
    "tab.activeForeground": "#f3f3f3",
    "editorGroupHeader.noTabsBackground": "#000000",
    "tab.unfocusedActiveForeground": "#b2b2b2",
    "list.hoverBackground": "#77777744",
    "input.placeholderForeground": "#a0a0a0",
    "editorCursor.foreground": "#777777",
    "tab.inactiveBackground": "#000000",
    "list.errorForeground": "#ff7a7a",
    "editor.rangeHighlightBackground": "#000000",
    "widget.shadow": "#0000",
    "inputOption.activeBorder": "#0000",
    "panel.background": "#000000",
    "statusBarItem.prominentBackground": "#343434",
    "editorWhitespace.foreground": "#ffffffb2",
    "list.warningForeground": "#ffb67a",
    "textLink.activeForeground": "#777777",
    "terminalCursor.background": "#a0a0a07c",
    "sideBar.foreground": "#b2b2b2",
    "textBlockQuote.border": "#ffffff",
    "editorLineNumber.foreground": "#a0a0a0",
    "extensionButton.prominentHoverBackground": "#00000099",
    "textPreformat.foreground": "#777777",
    "statusBar.noFolderForeground": "#f3f3f3",
    "dropdown.border": "#000000",
    "editorOverviewRuler.bracketMatchForeground": "#7ad3ff44",
    "editorGutter.modifiedBackground": "#ffffff",
    "inputValidation.warningBackground": "#ffb67a",
    "tab.activeBackground": "#000000",
    "minimap.selectionHighlight": "#a0a0a07c",
    "editorOverviewRuler.warningForeground": "#ffb67aCC",
    "gitDecoration.addedResourceForeground": "#7affa7",
    "peekViewTitle.background": "#000000",
    "editorGroup.emptyBackground": "#000000",
    "input.background": "#000000",
    "editor.lineHighlightBackground": "#000000",
    "listFilterWidget.background": "#000000",
    "editorHoverWidget.statusBarBackground": "#000000",
    "dropdown.foreground": "#f3f3f3",
    "panelTitle.activeBorder": "#ffffff",
    "editorOverviewRuler.selectionHighlightForeground": "#77777744",
    "gitDecoration.untrackedResourceForeground": "#ffb67a",
    "inputValidation.infoBackground": "#777777",
    "peekViewResult.matchHighlightBackground": "#fff27a44",
    "titleBar.inactiveForeground": "#b2b2b2",
    "sideBarSectionHeader.border": "#f3f3f322",
    "descriptionForeground": "#b2b2b2",
    "editorWarning.foreground": "#ffb67a",
    "statusBar.background": "#010101",
    "extensionButton.prominentForeground": "#f3f3f3",
    "tab.unfocusedInactiveForeground": "#a0a0a0",
    "editorOverviewRuler.errorForeground": "#ff7a7aCC",
    "statusBarItem.remoteBackground": "#00000066",
    "editorWidget.resizeBorder": "#ffffff",
    "statusBar.debuggingBackground": "#000000",
    "breadcrumb.foreground": "#b2b2b2",
    "editorSuggestWidget.selectedBackground": "#77777766",
    "inputValidation.errorBackground": "#ff7a7a",
    "titleBar.activeForeground": "#f3f3f3",
    "focusBorder": "#ffffff",
    "terminal.ansiBrightBlue": "#7ad3ff",
    "editorIndentGuide.background": "#f3f3f322",
    "editorHoverWidget.border": "#f3f3f322",
    "peekView.border": "#ffffff",
    "terminal.ansiRed": "#ffb8b8",
    "editorLineNumber.activeForeground": "#f3f3f3",
    "terminal.ansiYellow": "#fff8b8",
    "breadcrumb.activeSelectionForeground": "#777777",
    "editorWidget.foreground": "#f3f3f3",
    "sideBar.dropBackground": "#a0a0a07c",
    "terminal.ansiBlack": "#777777",
    "list.focusBackground": "#77777766",
    "editorBracketMatch.background": "#7ad3ff44",
    "peekViewEditor.matchHighlightBackground": "#010101",
    "statusBarItem.hoverBackground": "#77777744",
    "editor.inactiveSelectionBackground": "#77777744",
    "extensionButton.prominentBackground": "#00000066",
    "peekViewTitleDescription.foreground": "#f3f3f3",
    "debugToolBar.background": "#010101",
    "errorForeground": "#ff7a7a",
    "panelTitle.inactiveForeground": "#b2b2b2",
    "editorSuggestWidget.background": "#010101",
    "button.background": "#00000066",
    "list.focusForeground": "#f3f3f3",
    "editorOverviewRuler.infoForeground": "#ffffff",
    "editorOverviewRuler.deletedForeground": "#ff7a7aCC",
    "peekViewResult.selectionBackground": "#fff27a66",
    "badge.background": "#343434",
    "list.hoverForeground": "#f3f3f3",
    "quickInput.foreground": "#f3f3f3",
    "sideBarSectionHeader.background": "#000000",
    "activityBar.foreground": "#ffffff",
    "listFilterWidget.noMatchesOutline": "#ff7a7aCC",
    "textCodeBlock.background": "#000000",
    "editorWidget.border": "#ffffff",
    "sideBarTitle.foreground": "#f3f3f3",
    "statusBar.border": "#0000",
    "editorLink.activeForeground": "#777777CC",
    "editorGroup.border": "#ffffff",
    "peekViewResult.background": "#000000",
    "editor.findMatchHighlightBackground": "#fff27a44",
    "pickerGroup.foreground": "#a0a0a0",
    "terminal.ansiBrightGreen": "#7affa7",
    "terminal.ansiGreen": "#b8ffcf",
    "editor.foreground": "#f3f3f3",
    "list.invalidItemForeground": "#ff7a7a",
    "dropdown.background": "#000000",
    "terminal.ansiBrightRed": "#ff7a7a",
    "terminal.selectionBackground": "#77777766",
    "terminalCursor.foreground": "#a0a0a07c",
    "inputValidation.infoBorder": "#ffffff",
    "editorOverviewRuler.addedForeground": "#7affa7CC",
    "list.activeSelectionBackground": "#77777766",
    "inputValidation.infoForeground": "#777777",
    "settings.dropdownBackground": "#000000",
    "icon.foreground": "#f3f3f3",
    "settings.textInputForeground": "#f3f3f3",
    "statusBar.noFolderBackground": "#000000",
    "progressBar.background": "#777777",
    "terminal.ansiBrightWhite": "#b2b2b2",
    "inputValidation.errorBorder": "#ff7a7aCC",
    "settings.modifiedItemIndicator": "#ffffff",
    "sideBar.background": "#000000",
    "editorRuler.foreground": "#ffffff",
    "editorError.foreground": "#ff7a7a",
    "tab.inactiveForeground": "#a0a0a0",
    "statusBarItem.prominentForeground": "#f3f3f3",
    "inputValidation.warningBorder": "#ffb67aCC",
    "titleBar.border": "#0000",
    "settings.textInputBackground": "#000000",
    "editorOverviewRuler.border": "#ffffff",
    "terminal.ansiBrightCyan": "#75faf7",
    "editorUnnecessaryCode.opacity": "#00000088",
    "editorWidget.background": "#010101",
    "statusBar.foreground": "#f3f3f3",
    "gitDecoration.deletedResourceForeground": "#ff7a7a",
    "editorIndentGuide.activeBackground": "#ffffff",
    "editorSuggestWidget.highlightForeground": "#f3f3f3",
    "editorUnnecessaryCode.border": "#ffffff",
    "editor.background": "#000000",
    "textBlockQuote.background": "#000000",
    "peekViewResult.lineForeground": "#f3f3f3",
    "editorGutter.background": "#000000",
    "peekViewResult.fileForeground": "#777777",
    "gitDecoration.modifiedResourceForeground": "#777777",
    "terminal.ansiBlue": "#b8e7ff",
    "statusBarItem.activeBackground": "#77777766",
    "breadcrumb.background": "#000000",
    "terminal.ansiBrightMagenta": "#ff7ab2",
    "peekViewEditor.background": "#000000",
    "panel.border": "#f3f3f322",
    "selection.background": "#a0a0a07c",
    "settings.headerForeground": "#ffffff",
    "terminal.ansiWhite": "#f3f3f3",
    "breadcrumb.focusForeground": "#777777CC",
    "foreground": "#f3f3f3",
    "editor.selectionHighlightBackground": "#77777744",
    "terminal.ansiBrightYellow": "#fff27a",
    "titleBar.activeBackground": "#010101",
    "list.inactiveSelectionBackground": "#77777744",
    "minimap.findMatchHighlight": "#fff27a66",
    "list.dropBackground": "#77777766",
    "input.foreground": "#f3f3f3",
    "inputOption.activeBackground": "#00000066",
    "editorHint.foreground": "#777777",
    "activityBarBadge.foreground": "#f3f3f3",
    "editorBracketMatch.border": "#0000",
    "inputValidation.warningForeground": "#777777",
    "listFilterWidget.outline": "#ffffff",
    "window.activeBorder": "#0000",
    "editorSuggestWidget.border": "#ffffff",
    "statusBar.noFolderBorder": "#0000",
    "terminal.ansiMagenta": "#ffb8d5",
    "window.inactiveBorder": "#0000",
    "editor.wordHighlightStrongBackground": "#7ad3ff44",
    "panel.dropBackground": "#77777766",
    "peekViewTitleLabel.foreground": "#a0a0a0",
    "editor.selectionBackground": "#a0a0a07c",
    "editorOverviewRuler.findMatchForeground": "#7affa7",
    "pickerGroup.border": "#ffffff",
    "inputValidation.errorForeground": "#777777",
    "terminal.ansiBrightBlack": "#777777",
    "editor.findMatchBackground": "#fff27a66",
    "editorInfo.foreground": "#777777",
    "textLink.foreground": "#777777CC",
    "list.highlightForeground": "#f3f3f3",
    "titleBar.inactiveBackground": "#000000"
  },
  "tokenColors": [
    {
      "scope": "variable.other.readwrite.alias",
      "settings": {
        "foreground": "#75faf7"
      }
    },
    {
      "scope": "punctuation.separator",
      "settings": {
        "foreground": "#f3f3f3"
      }
    },
    {
      "scope": "punctuation.definition.template-expression",
      "settings": {
        "foreground": "#ff7a7a"
      }
    },
    {
      "scope": "punctuation.definition.parameters",
      "settings": {
        "foreground": "#f3f3f3"
      }
    },
    {
      "scope": "markup.underline.link",
      "settings": {
        "foreground": "#75faf7"
      }
    },
    {
      "scope": "keyword",
      "settings": {
        "foreground": "#d2b8ff"
      }
    },
    {
      "scope": "markup.italic",
      "settings": {
        "foreground": "#7ad3ff",
        "fontStyle": "italic"
      }
    },
    {
      "scope": "variable.language.this",
      "settings": {
        "foreground": "#fff8b8"
      }
    },
    {
      "scope": "constant.numeric",
      "settings": {
        "foreground": "#ff7ab2"
      }
    },
    {
      "scope": "support.constant.color",
      "settings": {
        "foreground": "#7ad3ff"
      }
    },
    {
      "scope": "constant.language.dart",
      "settings": {
        "foreground": "#75faf7"
      }
    },
    {
      "scope": "string.key",
      "settings": {
        "foreground": "#ff7ab2"
      }
    },
    {
      "scope": "comment",
      "settings": {
        "foreground": "#a0a0a0"
      }
    },
    {
      "scope": "keyword.control",
      "settings": {
        "foreground": "#d2b8ff"
      }
    },
    {
      "scope": "constant.language.import-export-all",
      "settings": {
        "foreground": "#7ad3ff"
      }
    },
    {
      "scope": "meta.brace.square",
      "settings": {
        "foreground": "#f3f3f3"
      }
    },
    {
      "scope": "meta.tag.attributes",
      "settings": {
        "foreground": "#ff7ab2"
      }
    },
    {
      "scope": "markup.bold",
      "settings": {
        "foreground": "#ab7aff",
        "fontStyle": "bold"
      }
    },
    {
      "scope": "keyword.control.flow",
      "settings": {
        "foreground": "#d2b8ff"
      }
    },
    {
      "scope": "support.function",
      "settings": {
        "foreground": "#d2b8ff"
      }
    },
    {
      "scope": "entity.name.tag.reference",
      "settings": {
        "foreground": "#d2b8ff"
      }
    },
    {
      "scope": "constant.language.symbol",
      "settings": {
        "foreground": "#ff7ab2"
      }
    },
    {
      "scope": "invalid",
      "settings": {
        "foreground": "#ff7a7a",
        "fontStyle": "bold underline"
      }
    },
    {
      "scope": "comment.block.documentation",
      "settings": {
        "foreground": "#b2b2b2"
      }
    },
    {
      "scope": "markup.heading",
      "settings": {
        "foreground": "#f3f3f3",
        "fontStyle": "bold"
      }
    },
    {
      "scope": "support.class.component",
      "settings": {
        "foreground": "#ffb67a"
      }
    },
    {
      "scope": "markup.fenced_code",
      "settings": {
        "foreground": "#f3f3f3"
      }
    },
    {
      "scope": "meta.class",
      "settings": {
        "foreground": "#ffb67a"
      }
    },
    {
      "scope": "meta.brace.round",
      "settings": {
        "foreground": "#f3f3f3"
      }
    },
    {
      "scope": "support.type.vendored",
      "settings": {
        "foreground": "#ffb67a"
      }
    },
    {
      "scope": "punctuation.definition.typeparameters",
      "settings": {
        "foreground": "#f3f3f3"
      }
    },
    {
      "scope": "constant.language.undefined",
      "settings": {
        "foreground": "#ff7a7a"
      }
    },
    {
      "scope": "comment.line",
      "settings": {
        "foreground": "#a0a0a0",
        "fontStyle": "italic"
      }
    },
    {
      "scope": "variable.other",
      "settings": {
        "foreground": "#75faf7"
      }
    },
    {
      "scope": "keyword.control.import",
      "settings": {
        "foreground": "#d2b8ff",
        "fontStyle": "italic"
      }
    },
    {
      "scope": "entity.name.tag.yaml",
      "settings": {
        "foreground": "#ffb67a"
      }
    },
    {
      "scope": "entity.name.tag",
      "settings": {
        "foreground": "#ff7a7a"
      }
    },
    {
      "scope": "punctuation.accessor",
      "settings": {
        "foreground": "#f3f3f3"
      }
    },
    {
      "scope": "storage",
      "settings": {
        "foreground": "#d2b8ff"
      }
    },
    {
      "scope": "meta.object",
      "settings": {
        "foreground": "#ff7ab2"
      }
    },
    {
      "scope": "punctuation.definition.block",
      "settings": {
        "foreground": "#f3f3f3"
      }
    },
    {
      "scope": "keyword.operator",
      "settings": {
        "foreground": "#f3f3f3"
      }
    },
    {
      "scope": "markup.quote",
      "settings": {
        "foreground": "#b2b2b2",
        "fontStyle": "italic"
      }
    },
    {
      "scope": "meta.property-value.css",
      "settings": {
        "foreground": "#b8ffcf"
      }
    },
    {
      "scope": "support.constant.font-name",
      "settings": {
        "foreground": "#7ad3ff"
      }
    },
    {
      "scope": "meta.type.parameters",
      "settings": {
        "foreground": "#fff27a"
      }
    },
    {
      "scope": "variable.other.constant",
      "settings": {
        "foreground": "#75faf7"
      }
    },
    {
      "scope": "support.class",
      "settings": {
        "foreground": "#ffb67a"
      }
    },
    {
      "scope": "punctuation.definition.heading",
      "settings": {
        "foreground": "#ffb67a"
      }
    },
    {
      "scope": "keyword.other.unit",
      "settings": {
        "foreground": "#ff7ab2"
      }
    },
    {
      "scope": "meta.jsx.children",
      "settings": {
        "foreground": "#f3f3f3"
      }
    },
    {
      "scope": "constant.language.null",
      "settings": {
        "foreground": "#ff7a7a"
      }
    },
    {
      "scope": "constant.language.boolean.true",
      "settings": {
        "foreground": "#7affa7",
        "fontStyle": "underline bold"
      }
    },
    {
      "scope": "keyword.operator.logical",
      "settings": {
        "foreground": "#f3f3f3"
      }
    },
    {
      "scope": "entity.other.attribute-name",
      "settings": {
        "foreground": "#7ad3ff"
      }
    },
    {
      "scope": "punctuation.definition.dictionary",
      "settings": {
        "foreground": "#f3f3f3"
      }
    },
    {
      "scope": "support.type.property-name",
      "settings": {
        "foreground": "#75faf7"
      }
    },
    {
      "scope": "variable",
      "settings": {
        "foreground": "#75faf7"
      }
    },
    {
      "scope": "punctuation.section",
      "settings": {
        "foreground": "#b2b2b2"
      }
    },
    {
      "scope": "meta.property-name.css",
      "settings": {
        "foreground": "#b8ffcf"
      }
    },
    {
      "scope": "meta.selector",
      "settings": {
        "foreground": "#b8ffcf"
      }
    },
    {
      "scope": "comment.single",
      "settings": {
        "foreground": "#a0a0a0"
      }
    },
    {
      "scope": "entity.name.type.module",
      "settings": {
        "foreground": "#ffb67a"
      }
    },
    {
      "scope": "string",
      "settings": {
        "foreground": "#7affa7"
      }
    },
    {
      "scope": "support.type.property-name.css",
      "settings": {
        "foreground": "#f3f3f3"
      }
    },
    {
      "scope": "punctuation.definition.tag",
      "settings": {
        "foreground": "#f3f3f3"
      }
    },
    {
      "scope": "punctuation.terminator",
      "settings": {
        "foreground": "#a0a0a0"
      }
    },
    {
      "scope": "meta.var.expr",
      "settings": {
        "foreground": "#d2b8ff"
      }
    },
    {
      "scope": "punctuation.definition.string",
      "settings": {
        "foreground": "#7affa7"
      }
    },
    {
      "scope": "entity.name.function",
      "settings": {
        "foreground": "#7ad3ff"
      }
    },
    {
      "scope": "keyword.control.from",
      "settings": {
        "foreground": "#d2b8ff",
        "fontStyle": "italic"
      }
    },
    {
      "scope": "variable.language.super",
      "settings": {
        "foreground": "#b8ffcf",
        "fontStyle": "italic"
      }
    },
    {
      "scope": "punctuation.definition.array",
      "settings": {
        "foreground": "#f3f3f3"
      }
    },
    {
      "scope": "support.constant.property-value",
      "settings": {
        "foreground": "#7ad3ff"
      }
    },
    {
      "scope": "punctuation.definition.list",
      "settings": {
        "foreground": "#ff7a7a"
      }
    },
    {
      "scope": "entity.other.attribute-name.id",
      "settings": {
        "foreground": "#ffb67a"
      }
    },
    {
      "scope": "entity.other.attribute-name.class",
      "settings": {
        "foreground": "#fff27a"
      }
    },
    {
      "scope": "meta.structure.dictionary",
      "settings": {
        "foreground": "#ab7aff"
      }
    },
    {
      "scope": "constant.language.boolean.false",
      "settings": {
        "foreground": "#ff7a7a",
        "fontStyle": "underline bold"
      }
    }
  ]
}