{
  "application.button.hoverBackground": "{theme.background.interactive.hover}",
  "application.gitDecoration.ignoredResourceForeground": "{theme.font.quaternary}",
  "application.tab.border": "#0000",
  "theme.font.pink.transparent": "{base.pink.20}44",
  "application.diffEditor.removedTextBorder": "",
  "application.editorGutter.addedBackground": "{theme.border.success}",
  "application.statusBar.debuggingForeground": "{theme.font.primary}",
  "application.terminal.ansiCyan": "{theme.font.code.6}",
  "application.diffEditor.border": "",
  "application.editorWarning.border": "",
  "application.tab.unfocusedHoverBackground": "",
  "base.neutral.10": "#a0a0a0",
  "application.editor.foldBackground": "",
  "application.gitDecoration.conflictingResourceForeground": "{theme.font.active}",
  "application.settings.dropdownForeground": "{theme.font.primary}",
  "syntax.variable.other.readwrite.alias": {
    "foreground": "{theme.font.code.26}",
    "fontStyle": "",
    "background": ""
  },
  "application.sideBarSectionHeader.foreground": "{theme.font.tertiary}",
  "base.primary.100": "{base.neutral.100}",
  "application.list.filterMatchBorder": "",
  "theme.font.quaternary": "{base.neutral.20}",
  "base.blue.20": "#7ad3ff",
  "application.tab.unfocusedHoverBorder": "{theme.border.active}",
  "theme.background.primary": "{base.neutral.100}",
  "syntax.punctuation.separator": {
    "foreground": "{theme.font.primary}",
    "fontStyle": "",
    "background": ""
  },
  "application.editor.hoverHighlightBackground": "{theme.background.tertiary}",
  "application.editorGroup.dropBackground": "{theme.background.drop}",
  "application.statusBarItem.remoteForeground": "{theme.font.primary}",
  "theme.font.yellow.transparent": "{base.yellow.20}44",
  "theme.border.success": "{base.green.20}CC",
  "base.lime.90": "#adff0a",
  "application.quickInput.background": "{theme.background.quaternary}",
  "application.peekViewResult.selectionForeground": "",
  "theme.background.secondary": "{base.neutral.90}",
  "application.symbolIcon.objectForeground": "",
  "application.panelInput.border": "",
  "application.statusBar.debuggingBorder": "#0000",
  "base.blue.10": "#b8e7ff",
  "application.sideBar.border": "",
  "application.editorMarkerNavigation.background": "",
  "application.editorMarkerNavigationWarning.background": "",
  "syntax.punctuation.definition.template-expression": {
    "foreground": "{theme.font.code.21}",
    "fontStyle": "",
    "background": ""
  },
  "application.diffEditor.removedTextBackground": "",
  "application.symbolIcon.nullForeground": "",
  "base.green.100": "#00cc44",
  "base.secondary.20": "{base.neutral.20}",
  "application.button.foreground": "{theme.font.primary}",
  "base.yellow.10": "#fff8b8",
  "syntax.punctuation.definition.parameters": {
    "foreground": "{theme.font.primary}",
    "fontStyle": "",
    "background": ""
  },
  "theme.border.info": "#ffffff",
  "syntax.support.function.math": {
    "foreground": "",
    "fontStyle": "",
    "background": ""
  },
  "theme.background.warning": "{base.orange.20}",
  "application.list.inactiveSelectionForeground": "{theme.font.primary}",
  "application.editorGutter.deletedBackground": "{theme.border.danger}",
  "application.editorSuggestWidget.foreground": "{theme.font.secondary}",
  "syntax.markup.underline.link": {
    "foreground": "{theme.font.code.26}",
    "fontStyle": "",
    "background": ""
  },
  "application.activityBar.background": "{theme.background.tertiary}",
  "base.secondary.100": "{base.neutral.100}",
  "theme.font.link.primary.active": "{base.secondary.20}",
  "application.symbolIcon.packageForeground": "",
  "application.symbolIcon.propertyForeground": "",
  "application.tab.activeModifiedBorder": "",
  "application.editorGroupHeader.tabsBackground": "{theme.background.secondary}",
  "base.secondary.10": "{base.neutral.10}",
  "application.badge.foreground": "{theme.font.primary}",
  "base.orange.100": "#cc5c00",
  "application.editorHoverWidget.background": "{theme.background.tertiary}",
  "application.panelTitle.activeForeground": "{theme.font.primary}",
  "application.editor.wordHighlightBackground": "{theme.background.highlight.primary.inactive}",
  "application.list.activeSelectionForeground": "{theme.font.primary}",
  "application.symbolIcon.booleanForeground": "",
  "application.activityBarBadge.background": "{theme.background.badge}",
  "theme.background.interactive.tertiary.hover": "{base.tertiary.90}99",
  "base.orange.90": "#ff780a",
  "application.editorGroupHeader.tabsBorder": "#0000",
  "application.editor.findRangeHighlightBorder": "",
  "theme.background.badge": "{base.neutral.40}",
  "application.symbolIcon.methodForeground": "",
  "base.orange.10": "#ffd8b8",
  "application.tab.unfocusedActiveBorder": "",
  "syntax.keyword": {
    "foreground": "{theme.font.code.8}",
    "fontStyle": "",
    "background": ""
  },
  "application.editorCodeLens.foreground": "{theme.font.link.secondary.inactive}",
  "application.input.border": "#0000",
  "application.activityBar.dropBackground": "{theme.background.drop}",
  "syntax.markup.italic": {
    "foreground": "{theme.font.code.27}",
    "fontStyle": "italic",
    "background": ""
  },
  "application.editorOverviewRuler.modifiedForeground": "{theme.border.info}",
  "syntax.variable.language.this": {
    "foreground": "{theme.font.code.3}",
    "fontStyle": "",
    "background": ""
  },
  "theme.font.link.secondary.active": "#ffffff",
  "base.teal.90": "#00ddd6",
  "application.tab.activeForeground": "{theme.font.primary}",
  "application.editorInfo.border": "",
  "application.editorGroupHeader.noTabsBackground": "{theme.background.primary}",
  "application.problemsInfoIcon.foreground": "",
  "base.orange.20": "#ffb67a",
  "application.tab.unfocusedActiveForeground": "{theme.font.secondary}",
  "application.editorOverviewRuler.wordHighlightStrongForeground": "",
  "theme.font.success": "{base.green.20}",
  "application.list.hoverBackground": "{theme.background.selection.tertiary.inactive}",
  "application.input.placeholderForeground": "{theme.font.tertiary}",
  "application.symbolIcon.constructorForeground": "",
  "application.diffEditor.insertedTextBackground": "",
  "application.editorCursor.foreground": "{theme.background.info}",
  "application.tab.inactiveBackground": "{theme.background.tertiary}",
  "application.list.errorForeground": "{theme.font.danger}",
  "base.purple.20": "#ab7aff",
  "application.editor.lineHighlightBorder": "",
  "application.editor.rangeHighlightBackground": "{theme.background.tertiary}",
  "application.widget.shadow": "#0000",
  "application.symbolIcon.stringForeground": "",
  "application.editorLightBulb.foreground": "",
  "application.inputOption.activeBorder": "#0000",
  "application.panel.background": "{theme.background.tertiary}",
  "application.statusBarItem.prominentBackground": "{theme.background.badge}",
  "syntax.constant.numeric": {
    "foreground": "{theme.font.code.29}",
    "fontStyle": "",
    "background": ""
  },
  "syntax.support.constant.color": {
    "foreground": "{theme.font.code.27}",
    "fontStyle": "",
    "background": ""
  },
  "base.red.90": "#ff0a0a",
  "application.editorWhitespace.foreground": "{theme.font.ghost}",
  "application.list.warningForeground": "{theme.font.warning}",
  "theme.font.blue.transparent": "{base.blue.20}44",
  "base.purple.10": "#d2b8ff",
  "application.dropdown.listBackground": "",
  "theme.background.selection.secondary.active": "{base.secondary.20}66",
  "application.checkbox.background": "",
  "application.tab.activeBorder": "",
  "application.textLink.activeForeground": "{theme.font.link.primary.active}",
  "application.terminalCursor.background": "{theme.background.selection.primary.active}",
  "syntax.constant.language.dart": {
    "foreground": "{theme.font.code.26}",
    "fontStyle": "",
    "background": ""
  },
  "syntax.string.key": {
    "foreground": "{theme.font.code.29}",
    "fontStyle": "",
    "background": ""
  },
  "syntax.comment": {
    "foreground": "{theme.font.tertiary}",
    "fontStyle": "",
    "background": ""
  },
  "application.sideBar.foreground": "{theme.font.secondary}",
  "application.minimap.warningHighlight": "",
  "application.tab.unfocusedInactiveModifiedBorder": "",
  "theme.font.link.secondary.inactive": "{base.primary.20}CC",
  "application.textBlockQuote.border": "{theme.border.active}",
  "application.activityBar.inactiveForeground": "",
  "application.editorLineNumber.foreground": "{theme.font.tertiary}",
  "theme.font.link.primary.inactive": "{base.secondary.20}CC",
  "theme.font.lime.transparent": "{base.lime.20}44",
  "application.extensionButton.prominentHoverBackground": "{theme.background.interactive.hover}",
  "base.green.90": "#10f95e",
  "base.pink.100": "#cc0055",
  "application.textPreformat.foreground": "{theme.font.info}",
  "syntax.keyword.control": {
    "foreground": "{theme.font.code.8}",
    "fontStyle": "",
    "background": ""
  },
  "application.statusBar.noFolderForeground": "{theme.font.primary}",
  "application.dropdown.border": "{theme.background.primary}",
  "syntax.constant.language.import-export-all": {
    "foreground": "{theme.font.code.27}",
    "fontStyle": "",
    "background": ""
  },
  "application.editorOverviewRuler.bracketMatchForeground": "{application.editorBracketMatch.background}",
  "application.editorGutter.modifiedBackground": "{theme.border.info}",
  "syntax.meta.brace.square": {
    "foreground": "{theme.font.primary}",
    "fontStyle": "",
    "background": ""
  },
  "application.inputValidation.warningBackground": "{theme.background.warning}",
  "application.merge.border": "",
  "application.symbolIcon.fieldForeground": "",
  "application.tab.activeBackground": "{theme.background.primary}",
  "application.minimap.selectionHighlight": "{application.editor.selectionBackground}",
  "application.editorOverviewRuler.warningForeground": "{theme.border.warning}",
  "application.editorError.border": "",
  "application.gitDecoration.addedResourceForeground": "{theme.font.success}",
  "theme.background.interactive.secondary.base": "{base.secondary.90}66",
  "application.peekViewTitle.background": "{theme.background.tertiary}",
  "application.editorGroup.emptyBackground": "{theme.background.secondary}",
  "application.symbolIcon.operatorForeground": "",
  "syntax.meta.tag.attributes": {
    "foreground": "{theme.font.code.29}",
    "fontStyle": "",
    "background": ""
  },
  "theme.font.warning": "{base.orange.20}",
  "application.activityBar.activeBorder": "",
  "base.lime.10": "#e7ffb8",
  "theme.background.interactive.secondary.hover": "{base.secondary.90}99",
  "base.blue.90": "#0aadff",
  "syntax.markup.bold": {
    "foreground": "{theme.font.code.28}",
    "fontStyle": "bold",
    "background": ""
  },
  "application.input.background": "{theme.background.tertiary}",
  "application.debugExceptionWidget.background": "",
  "syntax.keyword.control.flow": {
    "foreground": "{theme.font.code.8}",
    "fontStyle": "",
    "background": ""
  },
  "theme.font.active": "{base.primary.20}",
  "syntax.support.function": {
    "foreground": "{theme.font.code.8}",
    "fontStyle": "",
    "background": ""
  },
  "base.pink.90": "#ff0a70",
  "theme.border.secondary": "#ffffff",
  "theme.font.danger": "{base.red.20}",
  "base.neutral.90": "#000000",
  "application.editor.findMatchBorder": "",
  "application.editorOverviewRuler.rangeHighlightForeground": "",
  "base.teal.100": "#00aba5",
  "application.tab.inactiveModifiedBorder": "",
  "application.searchEditor.findMatchBorder": "",
  "theme.font.primary": "{base.neutral.0}",
  "base.yellow.90": "#ffe70a",
  "base.lime.20": "#d3ff7a",
  "application.checkbox.foreground": "",
  "application.editor.lineHighlightBackground": "{theme.background.secondary}",
  "application.peekViewEditor.matchHighlightBorder": "",
  "syntax.entity.name.tag.reference": {
    "foreground": "{theme.font.code.8}",
    "fontStyle": "",
    "background": ""
  },
  "base.tertiary.90": "{base.neutral.90}",
  "application.listFilterWidget.background": "{theme.background.primary}",
  "base.neutral.80": "#000000",
  "syntax.constant.language.symbol": {
    "foreground": "{theme.font.code.29}",
    "fontStyle": "",
    "background": ""
  },
  "theme.font.teal.transparent": "{base.teal.20}44",
  "theme.font.secondary": "{base.neutral.5}",
  "application.minimap.background": "",
  "application.tab.unfocusedActiveBorderTop": "",
  "syntax.invalid": {
    "foreground": "{theme.font.code.21}",
    "fontStyle": "bold underline",
    "background": ""
  },
  "syntax.comment.block.documentation": {
    "foreground": "{theme.font.secondary}",
    "fontStyle": "",
    "background": ""
  },
  "application.symbolIcon.moduleForeground": "",
  "application.editorHoverWidget.statusBarBackground": "{theme.background.tertiary}",
  "application.editor.findRangeHighlightBackground": "",
  "application.dropdown.foreground": "{theme.font.primary}",
  "application.panelTitle.activeBorder": "{theme.border.active}",
  "application.editor.rangeHighlightBorder": "",
  "syntax.markup.heading": {
    "foreground": "{theme.font.primary}",
    "fontStyle": "bold",
    "background": ""
  },
  "theme.font.green.transparent": "{base.green.20}44",
  "application.editorOverviewRuler.selectionHighlightForeground": "{theme.background.selection.primary.inactive}",
  "application.gitDecoration.untrackedResourceForeground": "{theme.font.warning}",
  "syntax.support.class.component": {
    "foreground": "{theme.font.code.22}",
    "fontStyle": "",
    "background": ""
  },
  "base.secondary.90": "{base.neutral.90}",
  "application.inputValidation.infoBackground": "{theme.background.info}",
  "theme.font.inverse": "{base.neutral.20}",
  "application.peekViewResult.matchHighlightBackground": "{application.editor.findMatchHighlightBackground}",
  "syntax.markup.fenced_code": {
    "foreground": "{theme.font.primary}",
    "fontStyle": "",
    "background": ""
  },
  "application.titleBar.inactiveForeground": "{theme.font.secondary}",
  "syntax.meta.class": {
    "foreground": "{theme.font.code.22}",
    "fontStyle": "",
    "background": ""
  },
  "syntax.meta.brace.round": {
    "foreground": "{theme.font.primary}",
    "fontStyle": "",
    "background": ""
  },
  "base.teal.10": "#b3feff",
  "application.editorOverviewRuler.incomingContentForeground": "",
  "application.sideBarSectionHeader.border": "{theme.border.tertiary}",
  "application.textSeparator.foreground": "",
  "syntax.support.type.vendored": {
    "foreground": "{theme.font.code.22}",
    "fontStyle": "",
    "background": ""
  },
  "base.neutral.60": "#010101",
  "application.descriptionForeground": "{theme.font.secondary}",
  "application.editorWarning.foreground": "{theme.font.warning}",
  "application.statusBar.background": "{theme.background.quaternary}",
  "syntax.punctuation.definition.typeparameters": {
    "foreground": "{theme.font.primary}",
    "fontStyle": "",
    "background": ""
  },
  "application.extensionButton.prominentForeground": "{theme.font.primary}",
  "application.tab.unfocusedInactiveForeground": "{theme.font.tertiary}",
  "base.purple.100": "#4b00cc",
  "application.editorOverviewRuler.errorForeground": "{theme.border.danger}",
  "application.symbolIcon.keywordForeground": "",
  "application.debugExceptionWidget.border": "",
  "syntax.constant.language.undefined": {
    "foreground": "{theme.font.code.21}",
    "fontStyle": "",
    "background": ""
  },
  "application.statusBarItem.remoteBackground": "{theme.background.interactive.base}",
  "syntax.comment.line": {
    "foreground": "{theme.font.tertiary}",
    "fontStyle": "italic",
    "background": ""
  },
  "base.teal.20": "#75faf7",
  "application.editor.wordHighlightBorder": "",
  "theme.background.drop": "{theme.background.selection.secondary.active}",
  "application.editorWidget.resizeBorder": "{theme.border.primary}",
  "syntax.variable.other": {
    "foreground": "{theme.font.code.26}",
    "fontStyle": "",
    "background": ""
  },
  "base.neutral.40": "#343434",
  "base.yellow.20": "#fff27a",
  "application.statusBar.debuggingBackground": "{theme.background.debug}",
  "application.merge.currentContentBackground": "",
  "application.breadcrumb.foreground": "{theme.font.secondary}",
  "application.editorSuggestWidget.selectedBackground": "{theme.background.selection.tertiary.active}",
  "syntax.keyword.control.import": {
    "foreground": "{theme.font.code.8}",
    "fontStyle": "italic",
    "background": ""
  },
  "base.red.10": "#ffb8b8",
  "application.inputValidation.errorBackground": "{theme.background.danger}",
  "syntax.entity.name.tag.yaml": {
    "foreground": "{theme.font.code.22}",
    "fontStyle": "",
    "background": ""
  },
  "application.symbolIcon.snippetForeground": "",
  "application.symbolIcon.classForeground": "",
  "base.purple.90": "#640aff",
  "application.titleBar.activeForeground": "{theme.font.primary}",
  "syntax.entity.name.tag": {
    "foreground": "{theme.font.code.21}",
    "fontStyle": "",
    "background": ""
  },
  "application.editor.symbolHighlightBorder": "",
  "application.focusBorder": "{theme.border.secondary}",
  "syntax.punctuation.accessor": {
    "foreground": "{theme.font.primary}",
    "fontStyle": "",
    "background": ""
  },
  "application.minimapSlider.activeBackground": "",
  "application.terminal.ansiBrightBlue": "{theme.font.code.27}",
  "application.editorIndentGuide.background": "{theme.border.tertiary}",
  "application.editor.selectionForeground": "",
  "application.editorHoverWidget.border": "{theme.border.tertiary}",
  "application.peekView.border": "{theme.border.primary}",
  "application.activityBar.border": "",
  "base.red.20": "#ff7a7a",
  "application.terminal.ansiRed": "{theme.font.code.1}",
  "application.scrollbarSlider.hoverBackground": "",
  "syntax.storage": {
    "foreground": "{theme.font.code.8}",
    "fontStyle": "",
    "background": ""
  },
  "syntax.meta.object": {
    "foreground": "{theme.font.code.29}",
    "fontStyle": "",
    "background": ""
  },
  "application.editorLineNumber.activeForeground": "{theme.font.primary}",
  "application.terminal.ansiYellow": "{theme.font.code.3}",
  "syntax.punctuation.definition.block": {
    "foreground": "{theme.font.primary}",
    "fontStyle": "",
    "background": ""
  },
  "base.neutral.20": "#777777",
  "theme.font.purple.transparent": "{base.purple.20}44",
  "application.breadcrumb.activeSelectionForeground": "{theme.font.link.primary.active}",
  "application.editorWidget.foreground": "{theme.font.primary}",
  "application.sideBar.dropBackground": "{theme.background.selection.primary.active}",
  "application.terminal.ansiBlack": "{theme.font.inverse}",
  "application.list.focusBackground": "{theme.background.selection.tertiary.active}",
  "theme.background.interactive.tertiary.base": "{base.tertiary.90}66",
  "application.editorBracketMatch.background": "{theme.background.highlight.secondary.inactive}",
  "syntax.keyword.operator": {
    "foreground": "{theme.font.primary}",
    "fontStyle": "",
    "background": ""
  },
  "application.searchEditor.findMatchBackground": "",
  "application.peekViewEditor.matchHighlightBackground": "{theme.background.quaternary}",
  "application.list.filterMatchBackground": "",
  "application.tree.indentGuidesStroke": "",
  "syntax.markup.quote": {
    "foreground": "{theme.font.secondary}",
    "fontStyle": "italic",
    "background": ""
  },
  "application.statusBarItem.hoverBackground": "{theme.background.selection.secondary.inactive}",
  "application.editor.inactiveSelectionBackground": "{theme.background.selection.primary.inactive}",
  "theme.background.debug": "{base.tertiary.90}",
  "syntax.meta.property-value.css": {
    "foreground": "{theme.font.code.5}",
    "fontStyle": "",
    "background": ""
  },
  "application.extensionButton.prominentBackground": "{theme.background.interactive.base}",
  "syntax.support.constant.font-name": {
    "foreground": "{theme.font.code.27}",
    "fontStyle": "",
    "background": ""
  },
  "application.peekViewTitleDescription.foreground": "{theme.font.primary}",
  "application.symbolIcon.namespaceForeground": "",
  "syntax.meta.type.parameters": {
    "foreground": "{theme.font.code.23}",
    "fontStyle": "",
    "background": ""
  },
  "application.debugToolBar.background": "{theme.background.quaternary}",
  "application.scrollbarSlider.activeBackground": "",
  "syntax.variable.other.constant": {
    "foreground": "{theme.font.code.26}",
    "fontStyle": "",
    "background": ""
  },
  "theme.background.interactive.hover": "{base.primary.90}99",
  "theme.background.selection.tertiary.inactive": "{base.tertiary.20}44",
  "application.errorForeground": "{theme.font.danger}",
  "application.symbolIcon.textForeground": "",
  "application.panelTitle.inactiveForeground": "{theme.font.secondary}",
  "application.editorSuggestWidget.background": "{theme.background.quaternary}",
  "theme.background.danger": "{base.red.20}",
  "application.editorMarkerNavigationError.background": "",
  "application.editorOverviewRuler.currentContentForeground": "",
  "base.pink.10": "#ffb8d5",
  "application.button.background": "{theme.background.interactive.base}",
  "application.list.focusForeground": "{theme.font.primary}",
  "application.symbolIcon.enumeratorMemberForeground": "",
  "application.editorOverviewRuler.infoForeground": "{theme.border.info}",
  "application.editorOverviewRuler.deletedForeground": "{theme.border.danger}",
  "application.symbolIcon.typeParameterForeground": "",
  "application.peekViewResult.selectionBackground": "{application.editor.findMatchBackground}",
  "application.problemsWarningIcon.foreground": "",
  "application.minimapSlider.hoverBackground": "",
  "application.badge.background": "{theme.background.badge}",
  "application.list.hoverForeground": "{theme.font.primary}",
  "application.quickInput.foreground": "{theme.font.primary}",
  "syntax.support.class": {
    "foreground": "{theme.font.code.22}",
    "fontStyle": "",
    "background": ""
  },
  "application.minimapGutter.modifiedBackground": "",
  "application.sideBarSectionHeader.background": "{theme.background.secondary}",
  "application.activityBar.foreground": "{theme.font.link.secondary.active}",
  "application.listFilterWidget.noMatchesOutline": "{theme.border.danger}",
  "base.tertiary.10": "{base.neutral.10}",
  "application.minimapSlider.background": "",
  "application.symbolIcon.numberForeground": "",
  "theme.background.selection.tertiary.active": "{base.tertiary.20}66",
  "application.symbolIcon.structForeground": "",
  "application.scrollbar.shadow": "",
  "syntax.punctuation.definition.heading": {
    "foreground": "{theme.font.code.22}",
    "fontStyle": "",
    "background": ""
  },
  "application.textCodeBlock.background": "{theme.background.secondary}",
  "application.editorWidget.border": "{theme.border.secondary}",
  "application.sideBarTitle.foreground": "{theme.font.primary}",
  "application.statusBar.border": "#0000",
  "application.checkbox.border": "",
  "application.symbolIcon.functionForeground": "",
  "theme.font.code.27": "{base.blue.20}",
  "theme.font.code.28": "{base.purple.20}",
  "application.diffEditor.insertedTextBorder": "",
  "theme.font.code.29": "{base.pink.20}",
  "application.editorLink.activeForeground": "{theme.font.link.primary.inactive}",
  "application.editorGroup.border": "{theme.border.primary}",
  "application.peekViewResult.background": "{theme.background.secondary}",
  "theme.font.code.23": "{base.yellow.20}",
  "theme.font.code.24": "{base.lime.20}",
  "theme.font.code.25": "{base.green.20}",
  "theme.font.code.26": "{base.teal.20}",
  "application.tab.hoverBorder": "",
  "base.tertiary.20": "{base.neutral.20}",
  "application.editor.findMatchHighlightBackground": "{theme.background.highlight.primary.inactive}",
  "theme.font.code.21": "{base.red.20}",
  "theme.font.code.22": "{base.orange.20}",
  "application.tab.unfocusedActiveModifiedBorder": "",
  "application.tab.hoverBackground": "",
  "theme.background.selection.secondary.inactive": "{base.secondary.20}44",
  "application.pickerGroup.foreground": "{theme.font.tertiary}",
  "application.terminal.ansiBrightGreen": "{theme.font.code.25}",
  "application.terminal.ansiGreen": "{theme.font.code.5}",
  "application.editor.foreground": "{theme.font.primary}",
  "theme.background.highlight.secondary.active": "{base.blue.20}66",
  "syntax.keyword.other.unit": {
    "foreground": "{theme.font.code.29}",
    "fontStyle": "",
    "background": ""
  },
  "application.list.invalidItemForeground": "{theme.font.danger}",
  "application.dropdown.background": "{theme.background.primary}",
  "application.symbolIcon.referenceForeground": "",
  "theme.background.success": "{base.green.20}",
  "application.symbolIcon.keyForeground": "",
  "application.terminal.ansiBrightRed": "{theme.font.code.21}",
  "theme.font.orange.transparent": "{base.orange.20}44",
  "application.terminal.selectionBackground": "{theme.background.selection.secondary.active}",
  "syntax.meta.jsx.children": {
    "foreground": "{theme.font.primary}",
    "fontStyle": "",
    "background": ""
  },
  "application.terminalCursor.foreground": "{theme.background.selection.primary.active}",
  "application.inputValidation.infoBorder": "{theme.border.info}",
  "application.editorGroup.focusedEmptyBorder": "",
  "application.editorOverviewRuler.addedForeground": "{theme.border.success}",
  "application.list.activeSelectionBackground": "{theme.background.selection.tertiary.active}",
  "application.inputValidation.infoForeground": "{theme.font.inverse}",
  "application.settings.dropdownBackground": "{theme.background.tertiary}",
  "theme.border.primary": "#ffffff",
  "application.icon.foreground": "{theme.font.primary}",
  "application.editor.symbolHighlightBackground": "",
  "application.minimapGutter.deletedBackground": "",
  "application.settings.textInputForeground": "{theme.font.primary}",
  "application.statusBar.noFolderBackground": "{theme.background.primary}",
  "theme.background.highlight.secondary.inactive": "{base.blue.20}44",
  "application.progressBar.background": "{theme.background.info}",
  "application.editorHoverWidget.foreground": "",
  "application.symbolIcon.fileForeground": "",
  "application.terminal.ansiBrightWhite": "{theme.font.secondary}",
  "syntax.constant.language.null": {
    "foreground": "{theme.font.code.21}",
    "fontStyle": "",
    "background": ""
  },
  "application.merge.incomingContentBackground": "",
  "base.pink.20": "#ff7ab2",
  "base.primary.10": "{base.neutral.10}",
  "application.symbolIcon.arrayForeground": "",
  "application.inputValidation.errorBorder": "{theme.border.danger}",
  "application.symbolIcon.enumeratorForeground": "",
  "application.list.inactiveFocusBackground": "",
  "application.settings.modifiedItemIndicator": "{theme.border.info}",
  "application.sideBar.background": "{theme.background.secondary}",
  "application.editorGutter.commentRangeForeground": "",
  "theme.background.highlight.primary.inactive": "{base.yellow.20}44",
  "application.tab.activeBorderTop": "",
  "application.editorRuler.foreground": "{theme.border.secondary}",
  "syntax.constant.language.boolean.true": {
    "foreground": "{theme.font.code.25}",
    "fontStyle": "underline bold",
    "background": ""
  },
  "base.primary.20": "{base.neutral.20}",
  "application.editorError.foreground": "{theme.font.danger}",
  "application.merge.commonContentBackground": "",
  "application.tab.inactiveForeground": "{theme.font.tertiary}",
  "application.statusBarItem.prominentForeground": "{theme.font.primary}",
  "application.tab.unfocusedActiveBackground": "",
  "application.inputValidation.warningBorder": "{theme.border.warning}",
  "application.titleBar.border": "#0000",
  "syntax.keyword.operator.logical": {
    "foreground": "{theme.font.primary}",
    "fontStyle": "",
    "background": ""
  },
  "application.settings.textInputBackground": "{theme.background.tertiary}",
  "application.editorOverviewRuler.border": "{theme.border.secondary}",
  "application.terminal.ansiBrightCyan": "{theme.font.code.26}",
  "application.editorUnnecessaryCode.opacity": "#00000088",
  "theme.background.quaternary": "{base.neutral.60}",
  "application.editorWidget.background": "{theme.background.quaternary}",
  "application.editorOverviewRuler.wordHighlightForeground": "",
  "syntax.entity.other.attribute-name": {
    "foreground": "{theme.font.code.27}",
    "fontStyle": "",
    "background": ""
  },
  "theme.border.tertiary": "{base.neutral.0}22",
  "application.statusBar.foreground": "{theme.font.primary}",
  "application.merge.incomingHeaderBackground": "",
  "application.gitDecoration.deletedResourceForeground": "{theme.font.danger}",
  "application.editorIndentGuide.activeBackground": "{theme.border.primary}",
  "application.editorSuggestWidget.highlightForeground": "{theme.font.primary}",
  "application.activityBar.activeBackground": "",
  "application.editorUnnecessaryCode.border": "{theme.border.primary}",
  "application.editor.findMatchHighlightBorder": "",
  "application.editorPane.background": "",
  "application.editor.background": "{theme.background.primary}",
  "theme.border.active": "#ffffff",
  "syntax.punctuation.definition.dictionary": {
    "foreground": "{theme.font.primary}",
    "fontStyle": "",
    "background": ""
  },
  "syntax.support.type.property-name": {
    "foreground": "{theme.font.code.26}",
    "fontStyle": "",
    "background": ""
  },
  "application.symbolIcon.variableForeground": "",
  "syntax.variable": {
    "foreground": "{theme.font.code.26}",
    "fontStyle": "",
    "background": ""
  },
  "base.green.20": "#7affa7",
  "application.textBlockQuote.background": "{theme.background.tertiary}",
  "application.peekViewResult.lineForeground": "{theme.font.primary}",
  "application.editorOverviewRuler.commonContentForeground": "",
  "application.editorGutter.background": "{theme.background.primary}",
  "application.peekViewResult.fileForeground": "{theme.font.link.primary.active}",
  "application.gitDecoration.modifiedResourceForeground": "{theme.font.info}",
  "application.terminal.ansiBlue": "{theme.font.code.7}",
  "base.yellow.100": "#ccb800",
  "application.statusBarItem.activeBackground": "{theme.background.selection.secondary.active}",
  "application.symbolIcon.interfaceForeground": "",
  "application.breadcrumb.background": "{theme.background.primary}",
  "application.terminal.ansiBrightMagenta": "{theme.font.code.29}",
  "base.neutral.0": "#f3f3f3",
  "application.activityBar.activeFocusBorder": "",
  "application.peekViewEditor.background": "{theme.background.primary}",
  "application.panel.border": "{theme.border.tertiary}",
  "application.selection.background": "{theme.background.selection.primary.active}",
  "application.settings.headerForeground": "{theme.font.link.secondary.active}",
  "syntax.punctuation.section": {
    "foreground": "{theme.font.secondary}",
    "fontStyle": "",
    "background": ""
  },
  "theme.border.danger": "{base.red.20}CC",
  "syntax.meta.property-name.css": {
    "foreground": "{theme.font.code.5}",
    "fontStyle": "",
    "background": ""
  },
  "application.terminal.ansiWhite": "{theme.font.primary}",
  "application.merge.currentHeaderBackground": "",
  "base.neutral.5": "#b2b2b2",
  "application.breadcrumb.focusForeground": "{theme.font.link.primary.inactive}",
  "base.lime.100": "#88cc00",
  "application.foreground": "{theme.font.primary}",
  "application.editor.selectionHighlightBackground": "{theme.background.selection.secondary.inactive}",
  "application.editorMarkerNavigationInfo.background": "",
  "syntax.meta.selector": {
    "foreground": "{theme.font.code.5}",
    "fontStyle": "",
    "background": ""
  },
  "theme.background.info": "{base.secondary.20}",
  "theme.font.red.transparent": "{base.red.20}44",
  "theme.background.selection.primary.inactive": "{base.primary.20}44",
  "base.red.100": "#cc0000",
  "base.tertiary.100": "{base.neutral.100}",
  "theme.font.ghost": "#ffffffb2",
  "syntax.comment.single": {
    "foreground": "{theme.font.tertiary}",
    "fontStyle": "",
    "background": ""
  },
  "application.terminal.ansiBrightYellow": "{theme.font.code.23}",
  "application.titleBar.activeBackground": "{theme.background.quaternary}",
  "application.list.inactiveSelectionBackground": "{theme.background.selection.tertiary.inactive}",
  "syntax.entity.name.type.module": {
    "foreground": "{theme.font.code.22}",
    "fontStyle": "",
    "background": ""
  },
  "syntax.string": {
    "foreground": "{theme.font.code.25}",
    "fontStyle": "",
    "background": ""
  },
  "application.searchEditor.textInputBorder": "",
  "syntax.support.type.property-name.css": {
    "foreground": "{theme.font.primary}",
    "fontStyle": "",
    "background": ""
  },
  "application.editorCursor.background": "",
  "base.neutral.100": "#000000",
  "application.minimap.findMatchHighlight": "{application.editor.findMatchBackground}",
  "application.list.dropBackground": "{theme.background.selection.secondary.active}",
  "theme.background.interactive.base": "{base.primary.90}66",
  "syntax.punctuation.definition.tag": {
    "foreground": "{theme.font.primary}",
    "fontStyle": "",
    "background": ""
  },
  "theme.font.code.7": "{base.blue.10}",
  "theme.font.code.8": "{base.purple.10}",
  "theme.font.code.9": "{base.pink.10}",
  "application.input.foreground": "{theme.font.primary}",
  "application.inputOption.activeBackground": "{theme.background.interactive.base}",
  "application.peekViewEditorGutter.background": "",
  "syntax.punctuation.terminator": {
    "foreground": "{theme.font.tertiary}",
    "fontStyle": "",
    "background": ""
  },
  "theme.background.tertiary": "{base.neutral.80}",
  "application.gitDecoration.submoduleResourceForeground": "",
  "application.symbolIcon.eventForeground": "",
  "theme.font.code.1": "{base.red.10}",
  "application.editorHint.foreground": "{theme.font.active}",
  "application.symbolIcon.unitForeground": "",
  "theme.font.code.2": "{base.orange.10}",
  "theme.font.code.3": "{base.yellow.10}",
  "theme.font.code.4": "{base.lime.10}",
  "theme.font.code.5": "{base.green.10}",
  "theme.font.code.6": "{base.teal.10}",
  "syntax.meta.var.expr": {
    "foreground": "{theme.font.code.8}",
    "fontStyle": "",
    "background": ""
  },
  "application.editorHint.border": "",
  "syntax.punctuation.definition.string": {
    "foreground": "{theme.font.code.25}",
    "fontStyle": "",
    "background": ""
  },
  "application.editor.selectionHighlightBorder": "",
  "application.activityBarBadge.foreground": "{theme.font.primary}",
  "application.editorBracketMatch.border": "#0000",
  "application.inputValidation.warningForeground": "{theme.font.inverse}",
  "syntax.entity.name.function": {
    "foreground": "{theme.font.code.27}",
    "fontStyle": "",
    "background": ""
  },
  "syntax.keyword.control.from": {
    "foreground": "{theme.font.code.8}",
    "fontStyle": "italic",
    "background": ""
  },
  "application.listFilterWidget.outline": "{theme.border.secondary}",
  "application.window.activeBorder": "#0000",
  "syntax.variable.language.super": {
    "foreground": "{theme.font.code.5}",
    "fontStyle": "italic",
    "background": ""
  },
  "syntax.punctuation.definition.array": {
    "foreground": "{theme.font.primary}",
    "fontStyle": "",
    "background": ""
  },
  "application.editorSuggestWidget.border": "{theme.border.secondary}",
  "application.statusBar.noFolderBorder": "#0000",
  "application.terminal.ansiMagenta": "{theme.font.code.9}",
  "syntax.support.constant.property-value": {
    "foreground": "{theme.font.code.27}",
    "fontStyle": "",
    "background": ""
  },
  "syntax.punctuation.definition.list": {
    "foreground": "{theme.font.code.21}",
    "fontStyle": "",
    "background": ""
  },
  "syntax.entity.other.attribute-name.id": {
    "foreground": "{theme.font.code.22}",
    "fontStyle": "",
    "background": ""
  },
  "theme.font.tertiary": "{base.neutral.10}",
  "application.window.inactiveBorder": "#0000",
  "application.scrollbarSlider.background": "",
  "base.blue.100": "#0088cc",
  "application.minimapGutter.addedBackground": "",
  "theme.background.selection.primary.active": "{base.primary.10}7c",
  "application.editor.wordHighlightStrongBackground": "{theme.background.highlight.secondary.inactive}",
  "theme.background.highlight.primary.active": "{base.yellow.20}66",
  "application.panel.dropBackground": "{theme.background.drop}",
  "application.peekViewTitleLabel.foreground": "{theme.font.tertiary}",
  "theme.font.info": "{base.secondary.20}",
  "application.editor.selectionBackground": "{theme.background.selection.primary.active}",
  "application.editorLightBulbAutoFix.foreground": "",
  "base.green.10": "#b8ffcf",
  "base.primary.90": "{base.neutral.90}",
  "application.editorOverviewRuler.findMatchForeground": "{theme.background.success}",
  "application.editor.wordHighlightStrongBorder": "",
  "application.merge.commonHeaderBackground": "",
  "syntax.entity.other.attribute-name.class": {
    "foreground": "{theme.font.code.23}",
    "fontStyle": "",
    "background": ""
  },
  "application.pickerGroup.border": "{theme.border.primary}",
  "application.minimap.errorHighlight": "",
  "application.inputValidation.errorForeground": "{theme.font.inverse}",
  "application.terminal.ansiBrightBlack": "{theme.font.inverse}",
  "application.editor.findMatchBackground": "{theme.background.highlight.primary.active}",
  "theme.border.warning": "{base.orange.20}CC",
  "application.symbolIcon.colorForeground": "",
  "syntax.meta.structure.dictionary": {
    "foreground": "{theme.font.code.28}",
    "fontStyle": "",
    "background": ""
  },
  "application.symbolIcon.constantForeground": "",
  "application.editorInfo.foreground": "{theme.font.info}",
  "syntax.constant.language.boolean.false": {
    "foreground": "{theme.font.code.21}",
    "fontStyle": "underline bold",
    "background": ""
  },
  "application.textLink.foreground": "{theme.font.link.primary.inactive}",
  "application.problemsErrorIcon.foreground": "",
  "application.symbolIcon.folderForeground": "",
  "application.list.highlightForeground": "{theme.font.primary}",
  "application.titleBar.inactiveBackground": "{theme.background.secondary}"
}